actual,predicted
8.0,3.6228
0.0,5.0877
15.9,5.4031
7.6,6.8219
9.1,8.8154
25.4,16.2733
2.3,6.8343
12.6,8.8934
10.4,11.3071
19.9,21.2205
25.8,21.5952
17.0,19.1177
0.0,8.3498
25.8,17.387
28.7,29.6521
9.6,11.0371
7.7,17.2253
11.4,16.7535
4.2,7.675
3.0,8.9363
11.7,9.3276
8.9,8.6408
16.4,20.9385
0.0,6.1959
0.0,3.3313
1.5,2.3672
1.3,2.3471
2.4,1.0885
0.0,0.3755
0.0,-0.3362
0.0,0.4106
0.0,-0.4007
0.0,-0.0465
0.0,0.0412
0.0,-0.0441
0.0,-0.0811
0.0,-0.1022
0.0,-0.1679
0.0,0.0963
0.0,-0.1972
0.0,0.0178
0.0,-0.1825
0.0,-0.0665
0.0,0.1447
0.0,0.0012
0.0,0.0342
0.0,0.0157
0.0,0.2031
0.0,0.2029
0.0,0.1556
5.9,0.6643
0.3,0.8098
0.0,3.583
11.3,8.718
0.0,4.6945
10.0,6.6943
0.0,4.9004
7.1,7.1548
25.0,18.9948
28.2,26.9135
25.3,19.3708
14.9,8.6923
33.1,43.7853
23.2,18.2032
20.4,20.1714
28.9,19.4716
22.8,17.6677
21.6,18.1011
8.9,12.2884
11.1,9.8393
22.8,20.6161
13.0,8.4936
14.9,9.2083
7.6,8.6234
0.0,3.729
0.0,4.2018
10.5,3.9015
0.0,1.2748
0.0,2.4777
1.3,2.8848
3.9,1.8296
0.0,-0.3017
0.0,0.028
0.0,-0.0058
0.0,0.1551
0.0,0.0535
2.1,0.002
0.0,-0.0381
0.0,0.3435
0.0,0.12
0.0,0.0232
0.0,-0.0133
0.0,-0.0601
0.0,-0.1503
5.0,5.5556
14.3,7.6799
13.0,6.4042
19.2,6.215
10.7,8.9331
14.3,10.9783
24.0,17.2973
1.4,17.2321
17.6,11.5399
20.2,14.7535
11.9,12.5084
11.1,18.0687
22.5,23.5855
23.0,19.0847
3.3,14.2684
25.5,23.2607
18.2,23.1651
18.1,11.5387
18.5,12.5327
4.4,11.9807
7.2,4.6741
14.6,11.4817
0.0,2.3409
3.1,3.1947
0.0,4.0458
0.0,2.9113
0.0,2.0859
0.0,0.2294
0.0,0.9205
0.0,0.1661
0.0,1.1793
0.0,0.1955
0.0,1.1042
0.0,-0.3408
0.0,-0.0721
0.0,-0.115
0.0,-0.0281
0.0,0.2168
0.0,0.1978
0.0,0.0769
0.0,-0.0759
0.0,-0.0319
0.0,0.0919
0.0,0.3531
0.0,-0.1413
0.0,0.1784
5.8,0.8194
3.2,2.5147
0.0,1.0301
0.0,2.0374
0.0,1.5196
1.6,7.2637
0.0,1.6145
0.0,5.7869
10.2,6.8543
10.0,5.4785
0.0,10.235
4.8,14.8189
13.4,8.9154
36.0,30.7012
20.2,17.3918
9.3,13.3142
0.7,14.8151
3.2,9.6525
29.6,23.2187
15.3,15.2372
16.2,16.7572
37.7,28.0249
12.6,11.3
20.1,16.1716
19.4,22.7146
24.5,22.8221
20.1,11.2661
34.9,25.5601
18.2,10.4249
0.1,1.3625
7.1,6.9995
3.5,5.2473
8.1,0.8489
0.0,1.3075
0.0,0.2574
4.7,-0.54
0.0,-0.0018
0.0,0.3129
0.0,0.268
0.0,-0.6881
0.0,0.184
0.0,0.0637
0.0,-0.0868
0.0,0.0414
0.0,-0.0684
0.0,-0.0186
0.0,-0.0041
0.0,0.2547
5.4,5.2262
11.5,9.8588
1.2,6.5085
6.2,6.5256
9.2,7.1631
22.4,12.7293
5.8,7.966
30.4,22.0979
38.8,29.7168
21.0,26.9166
29.0,32.7136
3.5,10.5328
7.6,6.6991
23.6,23.5066
30.3,25.3838
23.5,25.8476
0.0,9.9859
6.5,19.7923
15.8,12.6123
5.6,7.0075
17.8,8.366
21.2,10.7274
10.2,4.0871
10.4,5.9282
20.4,22.0297
5.9,1.9148
4.1,5.875
0.0,1.5222
0.0,0.8517
0.0,0.7697
0.0,0.3155
0.0,0.4159
0.0,0.1196
0.0,-0.2061
0.0,-0.083
0.0,-0.0441
0.0,-0.096
0.0,-0.0354
0.0,-0.0826
0.0,-0.0758
0.0,-0.0254
0.0,-0.0177
0.0,0.022
0.0,-0.0579
0.0,0.4556
0.0,0.1149
0.0,0.0641
0.0,0.3277
0.0,0.0839
0.0,1.1162
0.0,1.0692
0.9,3.0874
11.4,5.1016
1.7,5.7789
2.6,4.026
1.9,6.1786
9.9,8.1362
30.4,18.7582
13.4,16.5473
14.3,14.5734
21.1,10.5381
19.4,17.836
29.1,17.3246
20.3,22.7911
30.1,24.4393
26.8,26.0457
17.6,12.0335
21.3,22.2143
21.6,16.0345
22.4,19.1357
1.9,9.4545
26.1,13.8644
10.7,8.8702
27.3,31.2528
10.5,7.2976
3.0,3.1893
0.0,5.2309
2.2,0.6051
0.0,0.8242
5.7,1.6821
0.0,0.4793
0.0,-0.1264
0.0,0.3955
0.0,0.6282
0.0,0.0582
0.0,-0.0283
0.0,0.011
0.0,-0.0525
0.0,0.108
0.0,-0.0958
0.0,-0.0237
0.0,-0.1288
0.0,-0.0283
0.0,-0.0964
0.0,2.4439
10.5,3.5954
7.9,6.8353
17.1,7.5063
1.3,6.4595
25.7,22.5038
16.3,12.4138
24.6,30.0496
11.9,19.8032
19.9,14.0555
15.5,11.5618
3.1,10.7541
24.6,14.2511
15.3,12.1425
16.9,13.1412
11.7,13.3374
40.8,29.7635
22.8,30.1994
2.0,10.1259
13.7,19.1438
3.0,8.7256
6.8,6.6667
1.9,5.6808
13.4,4.9702
5.2,2.9707
0.0,1.9765
0.0,1.4619
0.2,0.8156
0.0,0.0922
0.0,0.6486
0.0,0.3882
0.0,-0.1713
0.0,0.1727
0.0,0.1224
0.0,0.1285
0.0,-0.3792
0.0,-0.4191
0.0,-0.0441
0.0,0.322
0.0,0.2182
0.0,-0.3912
0.0,-0.3506
0.0,-0.4048
0.0,-0.2619
0.0,0.046
0.0,0.2203
0.0,0.2374
0.0,0.4706
0.0,0.2633
0.0,0.7084
3.7,1.1639
0.0,2.8675
1.4,4.5691
0.0,4.2328
5.8,7.7495
21.6,20.6316
22.5,10.8607
7.7,9.7245
2.3,7.0111
12.6,9.0537
23.5,26.5758
15.9,23.3813
6.4,12.5239
14.3,11.2873
20.3,19.7925
17.3,18.342
10.5,11.6013
21.0,30.5251
19.4,10.9182
19.9,12.8323
7.0,7.363
19.8,7.1974
0.0,7.0698
20.7,23.8385
17.0,24.0557
0.0,4.7526
1.0,2.9829
10.5,2.7132
5.5,1.3035
0.0,-1.2781
0.0,0.9452
0.0,-0.1123
0.0,-0.0068
0.0,0.0455
0.0,0.162
0.0,0.3733
0.0,0.2235
0.0,0.1736
0.0,0.215
0.0,-0.0275
0.0,0.316
0.0,-0.0972
0.0,0.0244
0.0,0.039
0.0,5.4992
0.8,3.8795
3.9,3.6222
6.2,8.8319
13.7,11.944
6.0,12.5663
23.3,15.7868
20.6,7.3303
24.7,11.5866
17.4,20.7569
21.1,15.4549
14.7,18.8524
26.3,13.0858
27.7,19.066
11.9,19.9821
27.4,30.5205
8.2,20.6064
14.0,11.8609
12.9,13.8027
1.5,9.2372
4.2,5.488
0.0,2.8038
0.0,4.6546
3.1,7.1794
0.0,1.2958
0.0,3.1894
2.6,3.0598
0.0,0.6907
0.0,3.0968
0.0,0.2861
0.0,0.3841
0.0,0.0897
0.0,0.2393
2.9,-0.0255
0.0,-0.1996
0.0,-0.1063
0.0,0.0105
0.0,-0.1366
0.0,0.0331
0.0,-0.0723
0.0,0.0173
0.0,-0.0318
0.0,-0.0804
0.0,-0.006
0.0,0.0716
0.0,0.0585
3.2,0.2271
0.0,-0.102
0.0,0.0069
2.8,0.553
0.0,0.5952
2.6,1.8829
2.9,2.9491
8.8,2.7833
5.1,3.8924
8.8,12.4289
16.3,7.2397
9.6,10.3139
11.4,7.6012
14.7,12.5874
29.1,19.9632
39.8,33.0258
36.2,25.7822
13.9,19.4447
28.0,21.2805
26.5,24.844
13.1,15.1093
26.4,23.3958
8.3,7.9922
7.8,10.6375
22.2,23.0707
24.9,22.4439
19.2,22.5396
14.6,9.4471
0.9,8.9713
0.0,3.1847
7.2,3.9126
0.0,3.4462
0.5,0.8457
0.0,0.6178
2.7,0.5844
0.0,0.4668
0.0,0.5361
0.0,-0.0691
0.0,0.0439
0.0,-0.0356
0.0,-0.069
0.0,-0.2321
0.0,-0.0972
0.0,-0.0608
0.0,-0.0473
0.0,-0.0626
0.0,-0.0351
0.0,-0.0819
7.8,3.4106
6.2,2.9754
7.0,4.9265
14.3,8.1637
22.9,18.9392
19.4,20.8099
11.2,13.5466
15.2,12.4729
12.0,9.4185
21.5,18.4942
17.3,23.2881
13.2,11.3104
23.9,19.8875
16.0,9.9267
18.4,21.123
32.6,25.9994
4.5,7.4138
11.4,10.812
5.5,8.1803
13.9,8.5996
19.2,10.9517
6.6,12.3509
6.8,6.8719
0.0,3.5161
0.4,4.7205
8.4,4.9477
0.0,1.9072
0.0,2.0148
0.0,1.2075
0.0,-0.1045
0.0,1.0797
0.0,-0.039
0.0,0.0261
0.0,-0.1499
0.0,-0.0762
0.0,0.162
0.0,-0.0064
0.0,0.1515
0.0,0.0286
0.0,0.5076
0.0,0.0528
0.0,0.0744
0.0,0.0454
0.0,0.0066
0.0,0.0307
0.0,0.1094
0.0,0.1181
11.4,2.7313
0.0,0.4238
0.0,0.2905
13.6,3.4226
4.3,4.1077
1.9,4.8025
16.3,7.3184
2.5,3.8914
3.2,5.7666
2.2,6.1175
14.0,13.6037
7.7,10.5694
3.2,10.1227
6.4,12.8749
16.0,10.4416
24.2,19.9653
18.3,21.2095
31.0,25.2079
17.3,16.1855
12.3,14.3358
29.3,26.8335
17.7,14.6643
21.7,11.8594
22.4,23.7466
13.3,9.9267
13.5,10.2454
9.5,6.0013
7.5,7.6709
6.3,6.1904
0.0,3.9101
9.6,5.3822
0.0,0.533
0.0,1.4625
0.0,1.9745
0.0,-0.0631
0.0,-0.0925
0.0,-0.2297
0.0,0.2328
0.0,-0.0872
0.0,0.1247
0.0,-0.0979
0.0,-0.0064
0.0,-0.0161
0.0,0.1085
0.0,-0.1908
0.0,0.5841
0.0,0.1168
9.6,10.5108
8.7,10.2921
1.2,5.5236
25.8,24.4952
19.7,6.9305
24.4,20.8009
7.5,9.4471
11.0,14.599
20.8,14.7153
13.1,15.2189
29.6,26.6343
27.6,23.1763
16.5,15.2327
23.0,19.9163
31.7,22.4324
12.4,15.272
27.5,21.6926
41.2,28.3403
9.1,9.3059
9.5,6.0082
11.8,7.7133
16.3,8.2472
12.9,7.4921
6.8,8.205
0.7,4.4711
0.0,1.105
0.1,1.5222
3.3,-0.4787
0.0,0.1473
0.0,-0.6625
0.0,-0.1682
0.0,-0.2595
0.0,-0.9301
0.0,0.6274
0.0,-0.1513
0.0,-0.0072
0.0,-0.0171
0.0,-0.4373
0.0,0.1691
0.0,-0.1006
0.0,0.3002
0.0,-0.411
0.0,0.3041
0.0,-0.2759
0.0,0.076
0.0,0.2124
0.0,1.5803
8.3,0.3467
0.0,0.6392
0.0,0.1252
0.0,1.5051
0.0,1.2315
0.5,1.7952
2.8,4.2679
2.3,6.551
3.6,5.7988
22.9,22.8021
16.7,13.3087
24.1,23.8704
5.9,17.7898
0.0,14.7805
19.9,18.5486
34.9,29.7344
16.7,20.9471
24.8,32.5833
18.4,11.846
27.9,31.069
17.3,16.0504
20.5,22.3548
23.7,22.2513
17.6,20.4932
0.0,11.7233
4.4,8.6222
26.9,23.1113
10.7,4.9078
6.4,8.6764
5.4,3.9471
4.7,3.0254
0.0,0.7538
0.0,0.2437
1.4,3.2061
0.0,-0.7846
0.0,0.5854
0.0,0.0596
0.0,0.0172
0.0,0.4935
0.0,-0.4719
0.0,-0.1521
0.0,-0.5738
0.0,-0.9466
0.0,0.4656
0.0,0.2309
0.0,0.1889
0.0,-0.267
11.1,4.7318
7.5,4.7867
14.0,4.8856
12.9,11.279
26.7,16.9948
21.5,21.5652
18.3,11.918
21.7,16.7372
17.6,23.0317
15.5,20.6506
21.8,27.4525
21.8,18.3695
13.9,13.8113
18.7,22.8173
35.0,25.4149
17.9,18.9441
3.2,11.0575
19.7,20.0886
21.8,15.1179
8.0,9.4417
11.5,22.58
8.7,9.0519
1.9,4.5827
7.8,1.8148
8.3,3.4946
0.0,1.1505
0.0,0.7904
8.2,1.0577
0.0,0.45
0.0,-1.1085
0.0,-0.5107
0.6,0.3551
0.0,0.0073
0.0,0.0812
0.0,-0.0394
0.0,-0.1067
0.0,0.0932
0.0,0.0021
0.0,0.0505
0.0,0.534
0.0,0.0373
0.0,0.1609
0.0,-0.0125
0.0,0.3212
0.0,0.7196
0.0,0.4194
0.0,0.038
0.0,-0.02
0.0,0.1885
0.0,0.5075
4.2,0.7126
4.3,1.6837
13.9,2.7148
0.0,3.8786
8.0,4.4719
8.6,5.8999
7.4,6.6408
0.0,7.7056
12.1,21.4917
18.1,20.7538
22.9,19.4361
0.0,13.0353
12.6,12.5877
26.2,24.1657
25.1,24.7267
6.1,13.9296
18.7,17.7353
9.5,16.4237
27.5,29.9533
19.9,15.6074
4.7,12.558
31.1,30.3394
20.7,20.9787
25.5,28.33
8.2,4.354
3.2,6.481
7.5,5.7649
1.7,3.0926
10.8,3.9102
2.2,1.0522
0.0,1.0737
0.0,0.4881
0.0,0.6422
0.0,0.1512
0.0,0.0068
0.0,0.0212
0.0,0.1171
0.0,0.3656
0.0,-0.0153
0.0,0.0507
0.0,0.286
0.0,0.0905
0.0,0.0654
0.0,0.0583
3.8,5.4335
5.9,5.6869
4.7,3.7445
1.7,8.4668
24.6,23.3905
2.7,6.9217
27.1,25.1789
15.1,14.7339
8.3,7.8073
21.6,17.9657
14.5,14.5614
8.0,9.8969
30.2,23.3576
18.4,17.333
8.8,13.3394
17.8,17.557
15.1,11.0134
7.6,20.2216
18.5,20.1355
1.6,9.5041
12.4,5.7687
0.4,7.3194
1.7,2.6282
3.2,2.6446
8.7,6.3345
0.0,1.1982
0.0,1.0944
4.3,1.3997
2.0,0.0853
0.0,0.475
1.4,0.0682
0.0,-0.201
0.0,0.0394
0.0,0.0628
0.0,-0.0357
0.0,-0.1287
0.0,-0.1444
0.0,0.0064
0.0,-0.008
0.0,-0.0034
0.0,-0.018
0.0,0.019
0.0,-0.0289
0.0,-0.0337
0.0,0.2054
0.0,0.1256
0.0,-0.0512
0.0,0.2973
0.0,0.2644
0.0,1.7136
4.7,2.4123
3.6,3.1362
0.0,3.3181
6.1,2.9645
6.4,3.7949
1.2,3.0869
14.0,20.3927
14.3,7.2348
2.8,10.4618
10.5,17.3617
7.9,11.0166
21.5,16.4147
16.6,18.413
10.9,25.6659
20.2,26.8048
25.7,22.4927
19.7,10.7363
27.0,11.7222
14.8,17.0045
42.1,35.0447
7.9,7.7692
14.0,8.1833
12.5,9.0413
5.2,6.2308
0.0,1.9942
7.2,3.8407
3.7,1.5322
0.0,1.6845
0.0,1.8199
0.3,1.1227
3.1,0.3001
0.0,0.1384
0.0,-0.2819
0.0,0.0331
0.0,0.0021
0.0,0.1581
0.0,-0.0018
0.0,0.0099
0.0,-0.0159
0.0,0.0495
0.0,-0.1991
0.0,0.038
0.0,0.0462
0.0,-0.0129
5.4,2.514
7.0,5.9489
0.0,5.4178
11.4,6.7819
34.5,32.0537
13.2,10.7252
3.8,16.8212
11.2,24.8554
3.8,12.9916
13.9,24.5435
22.9,21.5032
25.2,22.6729
10.7,13.5233
25.2,26.2429
41.3,41.0865
29.7,23.6969
3.4,13.9897
10.7,15.5625
11.9,18.1277
14.1,21.1911
20.9,21.3429
15.6,6.1382
1.0,5.0624
0.0,6.3359
8.3,5.997
1.9,2.0277
0.1,0.5391
0.0,0.3834
0.0,0.2105
0.0,0.0623
0.0,-0.0963
0.0,0.1706
0.0,0.2368
0.0,0.0457
0.0,0.0941
0.0,0.2133
0.0,0.0391
0.0,0.0346
0.0,0.1337
0.0,-0.004
0.0,-0.1179
0.0,1e-04
0.0,0.1573
0.0,0.3581
0.0,-0.015
1.1,0.867
0.0,0.1352
0.0,0.0958
0.0,1.0388
2.1,1.1723
5.6,2.0365
8.6,2.2371
0.0,2.3127
0.1,5.3271
15.3,5.6279
26.9,21.4346
22.7,20.5351
29.5,25.3069
24.3,26.2869
18.2,21.0974
17.4,16.097
10.1,10.9857
19.2,13.9785
26.3,24.6496
11.1,11.6427
11.0,14.5655
44.2,43.7317
6.5,10.9441
12.2,13.6167
16.6,16.7176
8.8,12.7927
4.6,8.3868
11.2,14.3818
0.8,8.742
0.0,5.986
10.1,9.0023
2.7,3.9251
4.3,6.7042
0.0,2.8295
0.0,1.8019
0.0,-0.2267
0.0,0.1828
0.0,0.0675
0.0,0.2549
0.0,0.2088
0.0,0.1452
0.0,-0.0109
0.0,0.1195
0.0,-0.1083
0.0,0.0207
0.0,-0.0263
0.0,-0.039
0.0,-0.0106
0.0,-0.0595
5.3,3.011
0.0,4.2158
6.1,4.0786
12.1,7.6851
25.7,19.5284
14.5,19.8112
35.2,30.2002
9.4,6.7533
8.5,8.0279
22.3,17.8353
25.3,21.8286
30.0,24.7192
17.7,19.7441
25.4,28.6419
31.6,30.7176
28.8,24.2982
13.7,13.4454
28.1,32.9464
18.1,22.5656
5.4,5.6127
25.8,19.6295
21.0,19.537
2.7,3.8507
3.9,4.9971
6.7,4.2708
0.3,2.4207
0.0,0.7655
0.0,0.7461
0.0,0.8324
2.1,0.338
0.0,0.278
0.0,0.14
0.0,0.331
0.0,0.2377
2.3,0.0169
0.0,-0.0871
0.0,-0.3975
0.0,0.1983
0.0,0.1116
0.0,-0.0297
0.0,-0.0595
0.0,-0.0232
0.0,-0.0336
0.0,-0.0156
0.0,-0.0976
0.0,1.3153
0.0,0.1828
0.0,-0.0488
0.0,0.6427
0.0,0.7167
0.0,1.6112
0.0,1.7052
0.0,5.7905
13.8,4.3764
3.2,7.5346
0.0,5.6981
8.7,5.8141
4.6,9.1319
20.9,15.3407
5.8,12.6466
15.5,14.6969
11.7,17.7761
21.0,12.3818
20.2,23.9446
25.0,21.7903
2.9,11.8147
17.2,18.7063
16.2,13.8033
10.2,14.4555
5.9,15.2991
17.1,12.4187
6.6,10.5
16.4,19.597
9.6,4.3069
0.0,5.6932
10.8,4.2817
1.0,4.0243
0.0,3.1935
0.4,2.4612
0.0,1.0905
3.3,0.956
0.0,0.1259
0.0,-0.1762
0.0,0.5083
0.0,0.2176
0.0,-0.0448
0.0,0.0259
0.0,0.0567
0.0,-0.0826
0.0,0.0727
0.0,-0.0322
0.0,-0.0864
0.0,0.1736
0.0,0.4731
7.7,6.7649
0.7,3.4163
15.7,7.1743
18.6,21.6096
23.4,13.9108
17.6,14.1683
5.9,9.0417
27.5,25.1443
27.4,23.0141
34.8,33.6693
21.4,23.248
19.6,22.5488
29.0,18.7903
27.7,32.4868
12.4,11.2707
38.2,34.2364
31.1,36.4714
22.8,13.2838
20.7,16.6538
15.7,14.6195
28.9,21.9406
1.6,11.9174
5.9,5.0222
1.0,1.5386
0.4,1.9812
0.0,2.8112
9.9,2.6715
0.4,1.452
0.0,1.3135
0.0,0.8246
0.0,0.2883
0.0,0.225
0.0,0.2068
0.0,-0.016
0.0,0.1805
0.0,0.0192
0.0,0.1705
0.0,0.2467
0.0,-0.0534
0.0,-0.0055
0.0,-0.0281
0.0,-0.0381
0.0,0.2471
0.0,0.1836
0.0,0.0937
0.0,-0.0905
0.0,-0.0356
0.0,0.205
0.0,1.1137
0.0,0.6319
1.7,0.3029
0.0,1.0671
2.5,3.7888
0.0,0.8149
16.6,4.3234
29.8,24.8145
4.8,4.5177
17.0,10.2081
3.9,12.5498
12.9,8.8658
15.6,12.9687
19.5,16.7182
20.1,22.2118
14.3,22.1998
14.9,19.6629
12.3,11.1853
24.4,25.1361
20.9,19.1517
30.4,27.9552
19.6,16.5034
36.8,38.1276
18.2,10.247
8.3,6.4875
11.7,9.5726
6.7,4.3407
1.6,5.6817
0.0,1.5327
4.5,3.699
0.0,0.9767
0.0,0.4986
8.4,0.904
0.0,0.2514
0.0,-0.2351
0.0,0.5422
0.0,0.0138
0.0,0.0639
0.0,-0.3935
0.0,0.1312
0.0,-0.122
0.0,0.1493
0.0,-0.0289
0.0,0.0487
0.0,-0.157
0.0,0.2713
0.0,3.4339
7.5,9.4706
19.1,8.0077
3.9,4.8859
0.0,6.1966
13.6,10.43
15.7,12.0539
11.0,10.9062
32.6,21.2972
17.2,19.4929
25.8,26.4493
20.0,20.5356
9.9,11.8768
14.8,24.0357
19.1,20.6485
9.3,21.5414
12.0,21.216
14.6,16.9096
14.2,21.0921
0.1,5.7659
8.8,6.645
13.2,7.1888
0.3,4.9099
8.1,6.356
0.0,3.0305
0.0,1.8444
0.0,1.0023
0.0,1.8336
0.0,1.7468
0.0,0.6875
0.0,0.5807
0.0,0.3153
0.0,0.1153
0.0,0.2774
0.0,0.1635
0.0,-0.0882
0.0,-0.1574
0.0,-0.2118
0.0,0.1376
0.0,0.1978
0.0,0.0454
0.0,0.2243
0.0,0.288
0.0,0.0
0.0,0.1792
0.0,0.0761
0.0,-0.0114
0.0,0.9852
0.0,0.6116
3.1,0.7696
0.0,1.7381
6.5,8.202
0.0,2.4863
22.1,7.2437
10.4,4.7953
20.2,18.8589
9.0,7.0375
25.4,16.9362
11.3,13.128
9.7,10.9271
16.7,18.2225
2.5,9.8586
17.6,13.4015
4.1,11.7118
16.6,19.1269
28.0,31.1846
33.0,38.0346
17.0,23.0375
13.3,17.4577
17.5,18.7829
26.4,29.8359
2.1,9.5845
8.7,7.0025
4.8,7.0258
0.9,5.3914
1.6,3.3544
9.2,3.8932
8.3,4.9254
0.0,0.3087
0.5,0.5861
0.0,0.3004
0.0,0.3395
7.0,1.0045
0.0,0.1241
0.0,-0.1901
0.0,0.087
0.0,-0.0693
0.0,0.33
0.0,0.013
0.0,0.2678
0.0,-0.0347
0.0,-0.1914
0.0,-0.0258
0.0,-0.0724
2.3,3.7945
0.0,4.4674
0.0,3.1034
7.2,8.5428
17.4,12.872
7.9,6.6048
5.6,7.4071
13.9,21.1255
14.4,20.4652
7.6,15.0313
18.0,21.8459
26.5,19.2391
19.1,13.7508
19.3,14.8054
23.0,17.9896
23.8,14.211
27.7,24.1399
13.1,12.7889
12.4,10.0051
16.5,23.1636
11.8,7.066
14.8,5.9895
12.7,4.1484
4.5,3.2185
0.0,2.2468
0.0,1.0049
0.5,1.3056
0.0,0.0164
0.0,1.0191
0.0,0.3783
0.0,-0.1677
0.0,0.2981
0.0,-0.0544
0.0,-0.0252
0.0,-0.0802
0.0,0.0485
0.0,0.0578
0.0,-0.0973
0.0,0.052
0.0,-0.0397
0.0,0.0196
0.0,-0.0583
0.0,0.0626
0.0,-0.0214
0.0,0.2148
0.0,-0.2364
0.0,1.2329
0.0,0.3735
3.1,0.6296
0.0,-0.0395
0.0,0.6865
8.2,2.532
0.0,1.1241
0.0,6.0259
1.2,5.1692
4.7,5.4359
8.4,10.2093
19.2,22.8766
7.4,7.0885
18.4,16.9515
10.1,12.5311
27.8,28.2027
18.8,24.2031
19.3,17.1677
34.3,25.6284
18.2,27.7676
23.7,13.6992
20.7,14.3918
3.0,7.9395
20.2,13.2346
37.5,24.9266
13.9,12.5108
27.9,20.6815
4.3,3.6779
0.0,4.0949
17.3,20.9246
5.7,3.1527
0.0,3.2906
0.0,1.3318
0.0,0.1035
0.0,-0.0256
0.0,-0.1304
0.0,-0.1051
0.0,0.1988
0.0,0.1266
0.0,0.1408
0.0,-0.0078
0.0,-0.0421
0.0,-0.0031
0.0,-0.1333
0.0,0.0396
0.0,-0.08
0.0,-0.0765
0.0,0.0026
8.5,2.4591
0.2,2.889
11.2,21.8671
19.0,9.4651
6.3,3.6797
9.0,6.6524
9.6,11.3315
12.9,19.6701
22.5,19.3389
17.1,18.8743
16.8,17.9479
17.8,15.9769
23.2,16.9441
6.3,13.4073
10.5,15.7763
36.9,31.9543
30.4,28.7414
40.0,34.0469
4.5,11.1977
12.7,5.5356
22.0,29.1155
19.2,20.575
9.3,10.5765
5.8,7.2852
0.0,3.2478
1.6,3.134
0.6,0.8171
0.0,0.8423
1.3,0.3669
0.0,-0.0551
0.0,0.4592
0.0,0.1296
0.0,0.0164
0.0,-0.0165
0.0,-0.0496
0.0,-0.1477
0.0,-0.1522
0.0,-0.073
0.0,-0.1243
0.0,0.1159
0.0,0.0011
0.0,-0.0699
0.0,0.1786
0.0,-0.0019
0.0,0.1519
0.0,0.0419
0.0,0.101
1.6,0.3537
0.0,0.9213
0.0,0.4029
9.8,4.4817
7.0,5.886
0.0,4.467
2.9,2.6996
7.2,5.1106
12.1,5.1674
6.7,8.3128
24.0,21.5675
19.7,12.0879
8.1,10.7316
14.5,17.1722
8.1,14.9293
24.1,24.2942
5.5,17.814
19.6,18.4041
26.2,21.8021
10.5,10.5416
30.7,25.4538
33.4,27.662
17.2,23.2702
10.1,9.6777
26.0,23.0211
32.2,22.348
7.3,5.6007
8.6,6.6781
8.8,3.6136
0.0,2.1322
4.5,3.4223
0.0,2.3263
0.0,0.7489
0.0,0.2436
0.0,-0.6626
0.0,0.1041
0.0,0.0407
0.0,0.026
0.0,0.3032
0.0,0.3889
0.0,-0.0075
0.0,0.1254
0.0,0.0422
0.0,0.1748
0.0,0.0357
0.0,0.1642
0.0,0.0051
0.0,0.4238
0.0,3.2929
16.6,5.3304
0.0,4.7134
19.1,19.276
18.9,21.2569
4.9,7.7896
26.6,20.4404
21.5,20.9975
29.2,26.734
20.3,25.0031
16.8,17.5043
39.5,35.8512
9.1,12.7691
27.9,26.4118
28.9,25.1609
29.2,23.3664
16.0,13.7346
29.9,31.658
11.5,13.6176
7.6,7.9267
7.6,7.0206
0.0,6.2969
0.0,4.9155
11.7,5.4783
14.2,5.0642
0.0,1.0828
0.0,1.2523
0.0,-0.0936
0.0,-0.1051
0.0,0.3294
0.0,0.8737
0.0,0.467
0.0,-0.1331
5.2,0.356
0.0,0.0109
0.0,0.0523
0.0,-0.0165
0.0,0.0758
0.0,0.3218
0.0,-0.0904
0.0,0.2355
0.0,-0.0795
0.0,-0.0065
0.0,0.3656
0.0,0.183
0.0,0.0435
0.0,0.3527
0.3,0.6221
0.0,0.2845
0.0,0.6836
0.0,3.133
10.5,3.4299
0.0,3.1613
1.6,4.0258
7.8,6.2978
13.3,9.4076
11.8,12.3827
6.4,8.2093
9.8,9.3564
13.5,13.126
14.5,20.8285
12.5,17.8029
19.3,18.9629
24.0,18.3711
15.9,16.2538
28.6,25.5368
13.8,25.9995
10.6,7.4579
19.5,19.4924
1.0,12.4319
4.0,13.6292
25.3,28.6546
7.6,7.7471
13.9,5.1643
7.0,3.6613
1.8,5.7499
4.9,1.2528
0.0,1.3245
0.0,0.8834
0.0,0.0698
0.0,0.9105
0.0,0.4128
0.0,0.3048
0.0,0.1761
0.0,-0.0009
0.0,0.2161
0.0,-0.0467
0.0,0.339
0.0,0.008
0.0,0.2033
0.0,-0.0782
0.0,-0.009
0.0,0.1308
0.0,2.6209
0.0,9.6531
7.8,5.6685
6.8,6.4138
3.8,10.2111
8.5,10.8294
5.1,8.3633
17.7,13.3355
32.2,26.8738
5.3,18.2162
28.2,32.183
39.1,31.8443
21.7,15.1924
25.0,25.1938
26.6,28.0159
16.0,14.1036
20.7,19.5831
7.9,7.5741
30.5,30.8357
7.6,8.2989
8.9,6.8101
13.6,19.2563
13.9,25.0655
6.7,4.2548
0.0,2.0934
1.3,4.8825
9.1,0.2479
0.0,0.4764
0.0,1.1097
0.0,-1.0099
0.0,-0.8221
0.0,-0.0822
0.0,0.102
0.0,0.2142
0.0,0.3064
0.0,0.0665
0.0,-0.062
0.0,-0.0774
0.0,-0.1212
0.0,0.1289
0.0,0.2136
0.0,0.5056
0.0,0.0778
0.0,0.1673
0.0,-0.0091
0.0,0.2957
0.0,0.4076
0.0,0.0889
0.0,1.5287
0.0,2.9406
0.0,1.0695
0.0,1.4979
5.3,5.3817
3.2,6.5115
7.2,5.8061
12.2,11.4598
27.7,24.8692
8.4,8.88
9.2,10.1237
5.9,14.3302
26.3,22.2968
12.8,11.6522
3.0,11.1161
22.6,13.4903
2.1,9.0847
19.1,26.6893
30.0,26.0989
26.6,25.5055
21.6,29.8264
22.4,20.409
21.0,23.8174
23.0,21.1197
8.3,9.5999
8.4,7.6555
19.0,4.8046
12.7,5.9404
7.1,3.8987
0.0,0.7062
0.0,0.3266
0.0,0.433
2.6,0.2755
8.6,3.6997
0.0,1.2834
0.0,-0.5054
0.0,0.5506
0.0,0.1277
0.0,-0.2166
0.0,0.0956
0.0,-0.2861
0.0,-0.3102
0.0,0.2273
0.0,-0.053
0.0,0.113
0.0,0.1062
0.0,3.3683
2.8,10.1195
12.6,8.5847
23.5,19.7036
15.0,8.0942
18.6,21.1509
21.3,13.899
19.5,17.2035
12.3,14.951
29.2,29.9585
15.5,19.4849
32.5,30.4382
6.0,10.7327
25.4,14.9508
5.6,12.2483
29.5,21.7033
26.6,22.398
25.8,17.1432
15.5,12.9364
15.3,7.019
5.5,8.8763
6.5,7.0131
5.1,8.9257
9.3,1.9624
1.7,-0.4702
10.9,3.4172
0.0,1.0343
0.0,0.0306
0.0,1.4471
0.0,0.3915
0.0,0.4817
0.0,-0.483
0.0,-0.0669
0.0,-0.0482
0.0,-0.1199
0.0,-0.1222
0.0,-0.0189
0.0,0.0412
0.0,-0.0647
0.0,0.0898
0.0,-0.049
0.0,0.037
0.0,-0.0491
0.0,-0.1071
0.0,0.0919
0.0,0.141
0.0,0.1309
10.5,0.4986
0.0,0.8858
0.0,-0.3169
0.9,1.3918
1.6,2.203
0.3,5.6506
2.8,5.864
0.0,4.0756
15.8,10.8565
11.3,14.3881
6.8,13.906
17.0,13.9136
7.2,13.2779
5.2,11.9747
20.0,16.4623
14.0,18.4673
16.2,13.9031
20.4,21.8597
15.4,13.5396
40.4,39.5209
32.4,32.565
12.2,11.5965
19.4,13.8763
15.1,13.097
30.5,24.6002
8.5,6.8653
0.0,4.3289
4.5,7.7319
8.4,5.5766
0.0,2.2713
3.1,4.9524
0.0,1.2005
0.0,0.161
0.0,1.1556
0.0,0.8664
0.0,0.3444
0.0,0.0306
0.0,0.2313
0.0,0.8078
0.0,-0.1861
0.0,-1e-04
0.0,-0.1123
0.0,-0.1303
0.0,-0.118
0.0,-0.0243
0.0,0.502
0.0,0.0605
0.0,2.9171
3.2,5.8733
0.0,6.4623
2.7,8.3231
13.7,12.7812
30.5,25.2871
21.1,21.9677
23.8,19.3832
11.1,23.4361
20.0,13.512
21.9,18.8696
10.6,17.141
12.7,16.7446
13.1,16.4413
14.0,15.7643
20.9,24.8205
28.2,20.3119
25.3,23.4
17.2,5.5346
7.0,10.75
15.7,19.5391
11.1,5.8383
2.6,5.1011
0.0,2.8493
13.5,4.2641
6.2,2.5651
0.0,2.1756
0.0,2.2001
0.0,0.2692
0.0,0.2624
2.3,0.733
0.0,-0.1368
0.0,-0.0636
0.0,0.1948
0.0,-0.0868
0.0,-0.0653
0.0,-0.0367
0.0,-0.087
0.0,0.0316
0.0,0.1359
0.0,-0.032
0.0,0.0567
0.0,-0.023
1.6,0.2306
0.0,0.2409
0.0,0.1415
0.0,-0.004
0.0,-0.0277
0.0,-0.0486
0.0,0.063
0.0,1.4747
0.0,3.8541
0.0,1.7633
3.0,6.4362
2.0,5.7482
7.2,7.6924
8.5,10.371
12.1,25.4108
34.4,32.1792
17.3,22.2478
15.9,21.0572
22.0,24.7097
12.6,18.0382
14.9,20.5246
25.3,19.1537
26.1,27.1385
19.5,15.1884
11.0,11.2659
20.9,14.8802
12.6,10.9983
14.9,9.5085
16.9,12.1992
1.6,4.9494
17.9,8.7361
9.9,13.0332
1.5,4.755
5.1,6.5663
0.0,2.359
0.0,1.7032
0.0,0.8713
0.0,0.472
0.0,-0.0787
0.0,0.2321
0.0,0.4729
0.0,0.1302
0.0,-0.0306
0.0,0.287
0.0,0.3433
0.0,-0.1931
0.0,0.1341
0.0,0.0739
0.0,0.8242
0.0,0.2081
0.0,0.0265
0.0,1.8471
0.0,3.041
4.1,3.7065
0.0,4.565
4.5,6.6768
20.0,14.2908
8.7,11.3031
52.3,41.533
27.6,21.9836
21.7,13.9649
48.1,42.0296
22.8,13.8905
24.5,16.4224
21.1,14.8509
26.4,20.1946
13.0,8.5951
19.9,14.0727
19.8,20.8123
6.5,5.039
8.6,8.7522
10.4,8.2575
22.0,24.0129
0.0,5.6104
21.3,8.8061
16.6,3.3911
0.0,4.2469
0.0,2.5993
0.0,1.703
0.0,0.1444
0.3,0.2723
0.0,-0.0389
0.0,-0.0541
0.0,0.1081
0.0,-0.0603
0.0,0.1688
0.0,0.0431
0.0,0.0486
0.0,-0.2022
0.0,-0.03
0.0,0.0254
0.0,-0.0667
0.0,0.0587
0.0,0.1393
0.0,-0.0256
0.0,0.1457
0.0,0.2189
0.0,0.1205
0.0,0.2
0.0,0.7133
0.0,0.6109
0.0,1.2418
0.5,2.6841
0.0,3.2948
0.0,5.3313
8.8,6.4556
32.5,33.566
12.6,6.3629
8.3,4.5207
21.3,20.4757
23.6,22.4153
20.9,27.9991
10.2,13.3898
12.2,13.4322
30.3,23.0799
20.4,26.0295
16.0,17.7063
19.1,27.4145
3.7,7.7267
22.5,12.986
9.2,9.6472
28.6,24.2185
3.9,9.5534
13.4,11.8675
5.3,6.0918
0.0,1.8487
10.3,3.9917
7.9,5.5156
0.0,1.0096
0.0,0.93
2.0,0.6046
0.0,0.0881
0.0,-0.093
0.0,-0.1187
0.0,0.0186
0.0,0.0269
0.0,-0.0626
0.0,-0.0085
0.0,-0.0329
0.0,0.1159
0.0,-0.0399
0.0,0.0769
0.0,0.073
0.0,0.0742
0.0,0.0806
16.7,26.8407
0.4,5.5168
8.0,2.3094
20.2,13.6202
11.7,14.487
8.9,6.7521
30.6,16.9973
12.0,7.8117
27.0,20.7185
27.8,26.6466
21.7,21.3059
18.9,21.7959
7.2,19.7257
16.6,21.6612
8.0,11.1751
21.7,22.3766
15.2,2.8751
23.9,17.538
3.0,5.0712
12.6,5.9836
8.4,7.5916
1.1,8.713
3.2,6.8179
0.0,5.9613
1.3,3.1235
1.4,2.752
9.9,3.9995
0.0,0.0673
7.5,3.5648
0.0,-1.0663
0.0,-0.4572
0.0,-0.1194
0.0,-0.3332
0.0,0.0984
0.0,0.2229
0.0,-0.0032
0.0,0.0729
0.0,0.0039
0.0,-0.0451
0.0,-0.0547
0.0,-0.1205
0.0,-0.0255
0.0,0.0736
0.0,0.1683
0.0,0.1214
0.0,0.2335
0.6,0.0881
0.0,0.3418
0.0,1.2816
0.0,0.3639
0.0,0.8064
4.7,1.7723
1.0,1.927
0.0,3.4437
2.6,4.3976
2.7,5.0163
3.9,6.9707
21.6,12.012
14.9,11.0366
7.5,10.1615
16.5,15.1177
22.5,23.3605
24.4,23.5168
21.5,19.0617
24.5,22.2935
48.5,41.1711
13.4,19.6379
17.9,16.2792
15.7,7.2644
19.4,14.9671
15.1,8.9335
3.0,10.0955
11.5,11.564
5.4,4.9038
11.2,7.8951
0.6,5.7417
2.8,1.7797
7.1,4.9982
0.0,1.1576
0.0,0.9019
0.0,0.6291
0.0,-0.4642
5.4,1.4337
0.0,-0.0642
0.0,-0.1162
0.0,-0.1125
0.0,-0.2166
0.0,-0.1129
0.0,0.0738
0.0,0.1348
0.0,0.0291
0.0,0.0539
0.0,-0.0358
0.0,-0.0188
0.0,1.9841
17.6,23.5142
16.3,8.6308
5.3,10.1126
3.0,9.3682
8.9,6.3445
32.7,33.9629
30.3,20.0803
6.8,9.1514
22.7,18.4656
11.9,10.5299
16.6,13.391
19.3,20.5304
20.2,14.9841
21.6,25.6547
21.4,16.7602
39.6,37.7585
21.5,16.0079
7.5,6.977
36.4,38.2591
12.1,12.1211
6.2,4.1728
13.0,9.3948
19.3,7.573
2.1,3.4193
0.0,2.7365
1.5,0.913
0.0,-0.3117
0.0,1.1383
0.0,-0.5104
0.0,1.0914
0.0,0.8795
0.0,-0.1302
0.0,0.0124
0.0,-0.2642
0.0,-0.0429
0.0,0.0213
0.0,-0.0684
0.0,-0.2328
0.0,-0.1217
0.0,0.114
0.0,0.0931
0.0,0.3422
0.0,0.1035
0.0,0.44
0.0,0.7343
0.0,0.7777
0.0,0.2264
0.0,0.3723
0.0,0.9166
3.3,1.5803
8.5,3.9615
0.7,2.704
4.5,3.5305
0.0,2.0235
5.8,6.0168
17.2,8.3811
10.1,10.7979
25.2,23.3134
5.8,9.8205
9.5,11.7954
12.8,20.0206
31.6,23.6172
23.8,22.301
5.7,8.938
18.6,19.6872
17.7,23.5113
22.7,27.8372
27.2,22.7562
11.5,9.8873
35.6,26.2918
21.1,23.0725
18.7,15.8478
0.0,6.3459
8.7,11.6175
12.3,6.4301
0.0,2.4454
0.7,2.5191
0.0,0.6315
0.6,0.5983
8.8,1.0839
0.0,-0.3963
0.0,-0.0431
0.0,-0.0913
0.0,-0.3103
0.0,-0.0981
0.0,0.1392
0.0,0.3782
0.0,-0.0269
0.0,0.3842
0.0,0.0026
0.0,-0.1914
0.0,0.1254
0.0,-0.1329
0.0,1.1518
12.0,6.3962
0.0,1.8779
9.5,5.341
15.8,11.2414
14.6,12.2217
6.5,12.0587
12.6,11.4467
7.3,7.8834
4.7,15.0236
13.8,14.9153
11.6,16.8095
15.0,16.7914
14.6,19.8326
20.0,32.0715
29.2,29.6395
20.6,16.7338
25.8,19.4694
22.7,25.2947
1.4,2.1551
12.3,19.853
6.0,4.0994
3.3,3.6475
9.8,7.0837
4.3,1.0344
4.6,2.2549
1.2,1.2719
3.3,1.2549
0.0,0.7197
0.0,1.7913
0.0,0.1108
0.0,0.3889
0.0,0.2772
0.0,-0.0206
0.0,-0.0261
0.0,-0.1205
0.0,-0.1048
0.0,-0.0301
0.0,1.6974
0.0,-0.2312
0.0,0.0273
0.0,-0.2276
0.0,0.205
0.0,0.1496
0.0,-0.597
0.0,0.0486
0.0,0.6336
0.0,0.191
0.0,0.578
7.8,1.5819
5.5,1.3524
3.1,2.1764
18.1,3.5087
1.5,2.4348
6.8,3.8888
6.8,5.5878
0.0,6.1919
27.0,29.131
5.5,10.8783
10.8,12.3102
19.3,16.3902
22.6,22.011
32.0,28.1291
28.7,26.9082
14.3,14.1807
27.5,17.2847
10.5,12.7551
22.9,25.7029
17.2,14.7602
26.7,27.6501
22.6,21.637
17.9,21.6004
7.9,8.3708
4.5,8.1729
18.4,3.1388
0.0,1.6771
5.0,3.8699
10.9,1.6618
8.6,3.5334
2.8,2.7311
0.0,0.6012
0.0,0.798
1.0,0.9121
0.0,0.2322
0.0,0.6003
0.0,0.1338
0.0,-0.0875
0.0,-0.02
0.0,-0.0797
0.0,-0.0396
0.0,0.123
0.0,-0.2707
0.0,-0.0639
0.0,-0.2761
8.5,3.4976
2.6,4.9072
0.8,3.333
0.0,8.3069
6.4,4.754
12.0,9.5344
15.9,8.5171
13.2,11.1882
16.1,15.1434
9.2,14.8041
22.5,16.089
24.1,17.1272
11.0,10.2569
17.5,16.1976
3.2,22.0786
4.2,11.7233
33.1,34.7704
5.3,13.996
11.5,9.2629
9.7,9.1558
7.9,6.8786
20.1,8.4335
10.0,5.9932
7.7,2.2584
7.6,4.4116
7.7,1.9077
0.0,1.5185
0.0,0.8601
0.0,0.6546
0.0,-0.2017
0.0,-0.064
0.0,0.234
0.0,0.2828
0.0,0.0243
0.0,-0.0308
0.0,-0.0801
0.0,-0.0035
0.0,0.1007
0.0,-0.0438
0.0,0.208
0.0,0.3554
0.0,0.0231
0.0,-0.0424
0.0,0.1087
0.0,0.031
0.0,0.341
0.0,2.092
0.0,0.4064
0.0,0.4685
0.0,1.268
0.0,0.364
1.2,2.6858
2.4,1.4848
1.0,6.1954
14.9,8.3695
13.5,5.8002
16.1,9.7154
1.1,5.0976
13.0,9.2461
10.5,15.7995
29.5,26.0143
22.5,21.0694
22.1,24.2086
18.9,16.2041
25.5,17.7452
17.8,20.1536
21.7,18.0961
15.4,17.3001
21.0,16.6295
20.5,8.8561
16.1,11.2897
9.7,8.9654
17.8,14.1304
13.2,9.557
6.9,8.4383
0.0,6.6279
0.0,3.706
1.2,4.5919
3.3,1.2577
0.0,1.7078
0.0,0.088
0.0,-0.1627
0.0,-0.0041
0.0,-0.0931
0.0,0.1192
0.0,0.2707
0.0,-0.0851
0.0,-0.2873
0.0,0.1298
0.0,0.0927
0.0,0.4285
0.0,-0.0383
0.0,0.0611
0.0,0.0735
0.0,1.1747
0.0,4.537
10.9,6.258
6.8,6.8307
2.7,8.4347
17.6,12.56
17.0,12.4786
13.2,14.9296
27.5,28.8695
34.5,32.6239
2.2,8.971
14.8,23.9272
25.1,21.7839
14.1,14.9117
13.1,13.7846
36.8,33.1132
11.3,12.4872
24.7,16.6951
14.6,12.8298
33.2,35.2315
3.1,8.1639
14.7,25.8991
13.1,7.4369
0.0,3.9274
6.1,3.8163
0.0,0.5664
1.4,0.8514
8.3,1.0631
0.0,-0.0893
0.0,-0.2918
0.0,-0.2169
0.0,-0.0581
0.0,-0.1172
0.0,0.1674
0.0,-0.1785
0.0,0.0048
0.0,0.0316
0.0,-0.0413
0.0,-0.1252
0.0,0.0926
0.0,-0.1515
0.0,0.0868
0.0,-0.0024
0.0,0.0127
0.0,0.0017
0.0,0.4269
0.0,0.0749
0.0,0.0187
0.0,0.3841
0.0,0.5607
9.9,2.9748
2.4,2.4368
3.6,2.278
10.1,4.6393
1.2,4.5082
8.5,8.4787
14.1,10.3065
15.6,15.3145
7.7,14.7388
14.1,8.133
25.2,22.6891
5.6,7.7588
4.0,17.0236
7.8,14.3579
32.4,39.6917
21.3,22.518
29.9,19.6405
22.3,25.4787
25.6,26.0551
24.8,32.2693
27.6,17.4182
25.9,14.6078
8.7,5.7176
3.3,4.9023
1.5,1.2545
19.9,22.5541
0.0,3.2003
1.6,1.8894
14.8,4.142
0.0,-0.0438
0.0,0.093
0.4,0.0676
0.0,0.1889
2.1,-0.0283
0.0,-0.2629
0.0,-0.3775
0.0,0.067
0.0,-0.5745
0.0,-0.059
0.0,-0.0414
0.0,0.0843
0.0,-0.0226
0.0,0.155
0.0,-0.038
