feature,pearson_score,pearson_rank,mi_score,mi_rank,rf_score,rf_rank,votes,mean_rank,selected
temp_x_pm25,0.8511721750514931,1,0.6682833915337216,1,0.13019341124136216,1,3,1.0,True
temperature_celsius,0.7923300672986603,2,0.5242572113835449,2,0.09513775199277315,2,3,2.0,True
temperature_celsius_lag4w,0.7430715010615659,3,0.418096342069731,3,0.04192889097002657,4,3,3.3333333333333335,True
rain_x_temp,0.7286567610101501,4,0.38718914511928393,6,0.0386378847695261,7,3,5.666666666666667,True
healthcare_access_index,0.6810923811801696,6,0.360558320456982,9,0.021048822511743476,15,3,10.0,True
income_level_Lower-Middle,0.6648755413645125,8,0.2826579851458284,17,0.04183286147962584,5,3,10.0,True
pm25_ugm3,0.6381439427614831,10,0.3084356197018945,11,0.036664291422133725,9,3,10.0,True
vector_disease_risk_score,0.6665054523315762,7,0.26151283667880554,21,0.05577348439622541,3,3,10.333333333333334,True
pm25_x_aqi,0.6172120767110575,11,0.3022589477511701,12,0.03745277558963511,8,3,10.333333333333334,True
temperature_celsius_lag8w,0.6822697242662582,5,0.32143288325758324,10,0.017839288604776193,17,3,10.666666666666666,True
gdp_per_capita_usd,0.5885454043633213,16,0.3766036466663052,7,0.03641365775668377,10,3,11.0,True
pm25_ugm3_roll_mean_4w,0.5909705369222881,15,0.30178236138181,13,0.04063665221793939,6,3,11.333333333333334,True
pm25_ugm3_roll_sum_12w,0.5847118246988895,18,0.2926712358025867,15,0.02507539173072782,13,3,15.333333333333334,True
respiratory_disease_rate,0.5966636106486026,14,0.24568118481641132,22,0.028188508467490797,11,3,15.666666666666666,True
waterborne_disease_incidents_roll_mean_12w,0.6527819982953833,9,0.28913513758912224,16,0.01621679860078703,22,3,15.666666666666666,True
pm25_ugm3_roll_max_12w,0.5516337285374624,20,0.29499359714753925,14,0.022478251397419862,14,3,16.0,True
waterborne_disease_incidents_roll_sum_8w,0.6168169602209408,12,0.280824384569498,18,0.016882556456736583,20,3,16.666666666666668,True
waterborne_disease_incidents_roll_mean_4w,0.6025338701281495,13,0.27487366226490906,19,0.008125892789879016,28,3,20.0,True
pm25_ugm3_roll_max_8w,0.5440208035450866,22,0.26455288979439295,20,0.017168656199212415,18,3,20.0,True
climate_zone_tropical,0.5747974958035432,19,0.18361703059688095,27,0.017020337048184456,19,3,21.666666666666668,True
climate_zone_temperate,0.5870924059214891,17,0.23329843036103837,23,0.01179586996008408,26,3,22.0,True
pm25_ugm3_roll_max_4w,0.5470230187557301,21,0.22387273451203704,24,0.01662412002658991,21,3,22.0,True
heat_related_admissions,0.44468632844705924,27,0.1243453550739062,35,0.02552496558280306,12,3,24.666666666666668,True
waterborne_disease_incidents,0.5056608962183667,23,0.15116763059348326,32,0.008461457780447814,27,3,27.333333333333332,True
latitude,0.28240949209635985,57,0.4047411886361374,4,0.013816400603850131,24,2,28.333333333333332,True
waterborne_disease_incidents_roll_max_12w,0.4177781714584307,32,0.2221012488558589,25,0.007322546275647607,30,3,29.0,True
waterborne_disease_incidents_roll_max_8w,0.44468472570787665,28,0.2081409764750557,26,0.004503515010523008,36,3,30.0,True
longitude,0.29507172374941704,51,0.39855810898150157,5,0.004369634010782983,39,3,31.666666666666668,True
pm25_ugm3_lag8w,0.44638642024828945,26,0.1505283744218051,33,0.003395707057001725,41,3,33.333333333333336,True
pm25_ugm3_lag2w,0.43598570214238386,29,0.1575898240525424,30,0.002757878247180317,46,3,35.0,True
waterborne_disease_incidents_roll_max_4w,0.4744494783804369,25,0.17853812348324727,28,0.0021388006933126995,53,3,35.333333333333336,True
pm25_ugm3_lag4w,0.4334980383053439,30,0.14055176763711863,34,0.0032708063619441134,43,3,35.666666666666664,True
pm25_ugm3_lag1w,0.43086441279240634,31,0.15902744391001455,29,0.0024807281420962017,49,3,36.333333333333336,True
week,0.3094450921321789,43,0.07668740642463412,42,0.01191770979251095,25,3,36.666666666666664,True
week_sin,0.38958927495334683,37,0.059307398217452345,51,0.014117759476730087,23,3,37.0,True
food_security_index,0.4919250910000732,24,0.15377283564431465,31,0.0017164779685899727,57,2,37.333333333333336,True
month,0.3051565585588095,45,0.07138655273979433,44,0.007696667186068446,29,3,39.333333333333336,True
waterborne_disease_incidents_lag1w,0.3907675519350676,35,0.11086596800523552,38,0.00291086191221023,45,3,39.333333333333336,True
precipitation_mm_roll_mean_8w,0.3327327805909181,40,0.06432848094816368,48,0.005691010174535349,34,3,40.666666666666664,True
precipitation_mm_roll_mean_4w,0.32960127726945226,41,0.058448357544762075,52,0.005283471400528238,35,3,42.666666666666664,True
heat_wave_days_roll_max_4w,0.30107853328438805,48,0.06042108544743252,50,0.006001883763775796,32,3,43.333333333333336,True
heat_related_admissions_lag2w,0.2992585884800839,49,0.07461184833463497,43,0.0043874547897287,38,3,43.333333333333336,True
waterborne_disease_incidents_lag4w,0.3945699157207754,33,0.1089024108777803,39,0.0017006050085413061,58,2,43.333333333333336,True
heat_wave_days_roll_mean_4w,0.29606405088229215,50,0.0671820841851607,45,0.004470772899157031,37,3,44.0,True
waterborne_disease_incidents_lag8w,0.3800826603853285,38,0.12005253885241807,36,0.001622994646434639,61,2,45.0,True
waterborne_disease_incidents_lag2w,0.3907038191468979,36,0.0906503044119713,40,0.001648908601129778,60,2,45.333333333333336,True
heat_related_admissions_lag1w,0.3115786123144635,42,0.04876405205399337,62,0.00587680488840697,33,2,45.666666666666664,True
precipitation_mm_roll_max_8w,0.3033653114358955,46,0.07816576024663568,41,0.0023434210633831365,51,3,46.0,True
heat_wave_days,0.2901921574776979,53,0.05621846342187031,56,0.006927263510839211,31,2,46.666666666666664,True
precipitation_mm_roll_max_4w,0.3071748979825578,44,0.05418054261104377,57,0.0034493022975270846,40,2,47.0,True
region_Europe,0.3941303253376241,34,0.113594904007849,37,0.0004311895238469737,76,2,49.0,True
heat_wave_days_roll_mean_8w,0.2835584549382484,56,0.061092307051331396,49,0.0026161757408680645,47,2,50.666666666666664,True
heat_wave_days_roll_max_8w,0.2835874216712466,55,0.05745438507695999,55,0.0031148937434540436,44,1,51.333333333333336,False
precipitation_mm_lag2w,0.26296486619251164,60,0.06648080330658335,46,0.002364850158516146,50,2,52.0,True
cardio_mortality_rate,0.2200856164961211,69,0.032309365760452735,71,0.017912406119343083,16,1,52.0,False
precipitation_mm_roll_sum_12w,0.28837568222248694,54,0.049168485364161185,60,0.0025344565611134097,48,2,54.0,True
region_Southeast Asia,0.35709558564989125,39,0.06442535420087503,47,0.00036336919900559005,78,2,54.666666666666664,True
population_millions,0.06533528776251898,101,0.36974142621033135,8,0.0015177979758623059,63,1,57.333333333333336,False
extreme_weather_events_roll_max_8w,0.2590097177243113,62,0.049561405966835004,59,0.0018205421097550138,56,0,59.0,False
heat_related_admissions_lag4w,0.2666900763156884,59,0.057643750045281994,54,0.0013664427379178432,65,1,59.333333333333336,False
precipitation_mm_lag1w,0.2746579461210465,58,0.041981706698709154,66,0.0020771567485184197,54,1,59.333333333333336,False
precipitation_mm_lag4w,0.2475459218768758,63,0.038968156161043765,68,0.002005070532831108,55,0,62.0,False
precipitation_mm,0.22822160160123667,67,0.03652711057434477,69,0.002143438838309878,52,1,62.666666666666664,False
country_code_KEN,0.3012372533663519,47,0.04395755409313651,65,0.00040758171590234507,77,1,63.0,False
heat_wave_days_roll_mean_12w,0.24006672955153815,65,0.053353526486196845,58,0.0012427979741606683,67,0,63.333333333333336,False
country_code_IDN,0.2910149554704547,52,0.04432833342358422,64,0.00047785364905612106,75,1,63.666666666666664,False
precipitation_mm_roll_max_12w,0.2616942352024736,61,0.0402700092622954,67,0.0014877143808495804,64,0,64.0,False
heat_wave_days_roll_max_12w,0.2412591572236517,64,0.04911442700070401,61,0.0008743559125152722,72,0,65.66666666666667,False
region_South Asia,0.19637979335780928,72,0.05770120821900715,53,0.0007263603643910152,73,1,66.0,False
extreme_weather_events_roll_max_12w,0.21709410247234087,70,0.044637022223256384,63,0.0004969647578789474,74,0,69.0,False
temp_anomaly_celsius,0.09659472645229018,95,0.016927051781338243,86,0.0032934442446397386,42,1,74.33333333333333,False
income_level_Upper-Middle,0.12891969158750258,86,0.03210315929578522,72,0.0012534895762658564,66,0,74.66666666666667,False
region_North America,0.22725763119050194,68,0.035939344302777565,70,0.00011166158031540711,89,0,75.66666666666667,False
country_code_GBR,0.19553001532203645,73,0.028947823025871733,73,0.00014063596290845096,87,0,77.66666666666667,False
country_code_NGA,0.23313516210469468,66,0.027836180453070902,74,6.641076710750857e-05,94,0,78.0,False
heat_related_admissions_lag8w,0.1533757564637519,81,0.01649315535505913,87,0.0010215193507468086,69,0,79.0,False
mental_health_index,0.0291546894651087,104,0.026102983331418805,75,0.001654263195858694,59,0,79.33333333333333,False
country_code_CAN,0.192484934648945,74,0.0251862648972212,77,9.922712701213767e-05,91,0,80.66666666666667,False
precipitation_mm_lag8w,0.16149751605406948,79,0.006855018178512751,102,0.0016216457498416429,62,0,81.0,False
country_code_VNM,0.18100173264788566,75,0.026014695983152425,76,7.009993571482054e-05,93,0,81.33333333333333,False
heat_wave_days_lag1w,0.15667249974592057,80,0.019541909838051374,81,0.00017466661325362797,85,0,82.0,False
heat_wave_days_lag2w,0.14733477365788175,83,0.018161002993554387,85,0.00019258662146079278,81,0,83.0,False
country_code_PHL,0.19753974666894078,71,0.019533411920849675,82,6.06814296101374e-05,97,0,83.33333333333333,False
region_East Asia,0.1698610938392913,76,0.019488599144273033,83,6.617431250972519e-05,95,0,84.66666666666667,False
heat_wave_days_lag4w,0.1326087588211806,84,0.013870719210516747,92,0.0001805046876427544,84,0,86.66666666666667,False
country_code_FRA,0.16448770345220626,78,0.01986923695152054,79,4.820224056373329e-05,104,0,87.0,False
country_code_IND,0.12874866881360642,87,0.019228142860351127,84,0.00010691589697130973,90,0,87.0,False
country_code_DEU,0.16968419743021923,77,0.01970746730373829,80,3.43876393070862e-05,107,0,88.0,False
country_code_BGD,0.1279801921747076,88,0.023139634718131186,78,5.4920034061262724e-05,99,0,88.33333333333333,False
country_code_COL,0.0678773518264725,99,0.015451235302623045,89,0.00033583750471116155,79,0,89.0,False
month_cos,0.10544738114542586,92,0.0,107,0.0010414586545711038,68,0,89.0,False
country_code_PAK,0.06893018449937711,98,0.01400941981303605,90,0.0001637905570147311,86,0,91.33333333333333,False
country_code_USA,0.12958970068312067,85,0.01569613103223455,88,4.70655841977016e-05,105,0,92.66666666666667,False
country_code_ITA,0.14849237531713974,82,0.012383260939921037,93,4.8902010454301406e-05,103,0,92.66666666666667,False
region_South America,0.017610896476591656,106,0.005673599587736389,103,0.000979186834721721,71,0,93.33333333333333,False
heat_wave_days_lag8w,0.06589049339820989,100,0.009662309120499257,98,0.0001859081304269755,82,0,93.33333333333333,False
flood_indicator,0.09009458245714522,96,0.0036053565831030143,105,0.0003163517514783848,80,0,93.66666666666667,False
country_code_EGY,0.09901792305376837,94,0.013928520417448187,91,6.363493521419933e-05,96,0,93.66666666666667,False
year,0.02588359179532978,105,0.0,107,0.0009968743544177372,70,0,94.0,False
country_code_ESP,0.12632086617365482,89,0.011568624915423653,94,5.421524957490033e-05,100,0,94.33333333333333,False
country_code_CHN,0.11048359253089743,91,0.01064955365484721,96,5.7848057958116875e-05,98,0,95.0,False
country_code_JPN,0.12467844338024042,90,0.010266822718729252,97,5.193336117448228e-05,101,0,96.0,False
country_code_THA,0.0014917668716391509,108,0.008573903016193762,101,0.0001844268190931539,83,0,97.33333333333333,False
country_code_MEX,0.05478951136986675,102,0.009471151582688853,99,7.250755852159374e-05,92,0,97.66666666666667,False
country_code_ZAF,0.09942288394531949,93,0.011171582041874073,95,4.087023291145247e-05,106,0,98.0,False
country_code_AUS,0.08194545975717879,97,0.009056434486903298,100,5.0802686639067794e-05,102,0,99.66666666666667,False
country_code_BRA,0.008897466121469516,107,0.0024872580187125237,106,0.0001145178904128969,88,0,100.33333333333333,False
drought_indicator,0.035710568823280026,103,0.004101523100996873,104,1.9047341369306357e-05,108,0,105.0,False
