task,target,model,split,n_rows,accuracy,macro_f1,roc_auc_ovr_weighted,r2,mae,rmse
overall_classifier,risk_class,logreg,val,1300,0.8138461538461539,0.813105486162795,0.9457172822741378,,,
overall_classifier,risk_class,logreg,test,2350,0.82,0.819423267356156,0.9440170186814113,,,
overall_classifier,risk_class,dt,val,1300,0.7707692307692308,0.7706847417327026,0.9168646059557686,,,
overall_classifier,risk_class,dt,test,2350,0.7846808510638298,0.782928753954673,0.9071351143924151,,,
overall_classifier,risk_class,rf,val,1300,0.8023076923076923,0.8018163456274511,0.9392869077954087,,,
overall_classifier,risk_class,rf,test,2350,0.8093617021276596,0.809147732098117,0.9376862621791147,,,
overall_classifier,risk_class,xgb,val,1300,0.7946153846153846,0.7941640035439034,0.9385798605194757,,,
overall_classifier,risk_class,xgb,test,2350,0.8059574468085107,0.8053676987360489,0.9362359930121347,,,
respiratory,respiratory_disease_rate,elasticnet,val,1300,,,,0.567488070541456,8.161502998032574,10.203836922425076
respiratory,respiratory_disease_rate,elasticnet,test,2350,,,,0.556677799407179,8.136728269313036,10.198798635341715
respiratory,respiratory_disease_rate,dt,val,1300,,,,0.5038739558686722,8.823466480196878,10.928497991049934
respiratory,respiratory_disease_rate,dt,test,2350,,,,0.4855483585835474,8.75599099793273,10.986555542127128
respiratory,respiratory_disease_rate,rf,val,1300,,,,0.5736331178649494,8.135439550473462,10.1310905180631
respiratory,respiratory_disease_rate,rf,test,2350,,,,0.5587781465620579,8.123826034311296,10.17461030259564
respiratory,respiratory_disease_rate,xgb,val,1300,,,,0.5453261371544065,8.412987008314866,10.461993803227847
respiratory,respiratory_disease_rate,xgb,test,2350,,,,0.5303027655006389,8.421296870454828,10.497799614907564
cardio,cardio_mortality_rate,elasticnet,val,1300,,,,-0.0027580045104749207,4.481503056767575,5.5754947607719005
cardio,cardio_mortality_rate,elasticnet,test,2350,,,,-0.008267859094202912,4.470227681466741,5.628252301468472
cardio,cardio_mortality_rate,dt,val,1300,,,,-0.10605433110563678,4.715574725663657,5.855629279550534
cardio,cardio_mortality_rate,dt,test,2350,,,,-0.08186715696462121,4.602745412624745,5.830053825728554
cardio,cardio_mortality_rate,rf,val,1300,,,,-0.027213137652452923,4.524976093516374,5.643072447963595
cardio,cardio_mortality_rate,rf,test,2350,,,,-0.01749009328166884,4.493589724630275,5.653933429348591
cardio,cardio_mortality_rate,xgb,val,1300,,,,-0.08786794512403162,4.648308401547946,5.807288921686824
cardio,cardio_mortality_rate,xgb,test,2350,,,,-0.0921306263813253,4.665437377442705,5.857642857046102
vector,vector_disease_risk_score,elasticnet,val,1300,,,,0.5615944808156215,8.481848480066818,11.32226565156001
vector,vector_disease_risk_score,elasticnet,test,2350,,,,0.5782090353440122,8.644063458764622,11.474690462050077
vector,vector_disease_risk_score,dt,val,1300,,,,0.8917230620423255,3.6420328144330956,5.626823812590695
vector,vector_disease_risk_score,dt,test,2350,,,,0.903925744979021,3.5708608169975853,5.476408748628346
vector,vector_disease_risk_score,rf,val,1300,,,,0.9121785403506577,3.3993027193297936,5.067522194650137
vector,vector_disease_risk_score,rf,test,2350,,,,0.9162446387380525,3.421531514004788,5.113269119174873
vector,vector_disease_risk_score,xgb,val,1300,,,,0.9015117380904026,3.5538126252981335,5.366455971065861
vector,vector_disease_risk_score,xgb,test,2350,,,,0.9092634415791584,3.5307658418493073,5.322105682104399
waterborne,waterborne_disease_incidents,elasticnet,val,1300,,,,0.5000335897094057,3.616904974610619,4.631569051889387
waterborne,waterborne_disease_incidents,elasticnet,test,2350,,,,0.49837377812039474,3.6236525809329394,4.621629524391927
waterborne,waterborne_disease_incidents,dt,val,1300,,,,0.5429597072683635,3.3406084990444427,4.428278986165929
waterborne,waterborne_disease_incidents,dt,test,2350,,,,0.5161941441779021,3.4187718930203452,4.538795064602906
waterborne,waterborne_disease_incidents,rf,val,1300,,,,0.6139410900868809,3.104291501811312,4.069907319200092
waterborne,waterborne_disease_incidents,rf,test,2350,,,,0.6262755273202372,3.095418451563524,3.9891538172155374
waterborne,waterborne_disease_incidents,xgb,val,1300,,,,0.6058989633105134,3.123544760337242,4.11207964864918
waterborne,waterborne_disease_incidents,xgb,test,2350,,,,0.6251033685083853,3.110759137742063,3.9954047607034626
heat,heat_related_admissions,elasticnet,val,1300,,,,0.7460501840058108,3.191731950133503,4.686198501643763
heat,heat_related_admissions,elasticnet,test,2350,,,,0.7401369835198738,3.5434741637460374,5.000868381696862
heat,heat_related_admissions,dt,val,1300,,,,0.769604668856561,2.7829883505240542,4.463582504225327
heat,heat_related_admissions,dt,test,2350,,,,0.7589294314363271,3.0577787180054203,4.816652142914964
heat,heat_related_admissions,rf,val,1300,,,,0.8170463525123627,2.4937722381471126,3.9775648193216027
heat,heat_related_admissions,rf,test,2350,,,,0.8029752460635168,2.806321235345384,4.354452762521165
heat,heat_related_admissions,xgb,val,1300,,,,0.843464359108304,2.327247695095962,3.6791995837762173
heat,heat_related_admissions,xgb,test,2350,,,,0.8319007341299626,2.5844267778859145,4.0221299235277455
