task,quarter,metric,score,val_same_quarter,change,flagged
overall_classifier,2024Q1,macro_f1,0.8038674039869497,0.7873154199181958,0.01655198406875391,False
overall_classifier,2024Q2,macro_f1,0.7789549085627517,0.7706059620403005,0.008348946522451217,False
overall_classifier,2024Q3,macro_f1,0.8187428923277981,0.8284175232791311,-0.00967463095133303,False
overall_classifier,2024Q4,macro_f1,0.8138631782467399,0.8073671497584541,0.006496028488285788,False
overall_classifier,2025Q1,macro_f1,0.8025748663782427,0.7873154199181958,0.015259446460046955,False
overall_classifier,2025Q2,macro_f1,0.7910593373697221,0.7706059620403005,0.020453375329421597,False
overall_classifier,2025Q3,macro_f1,0.8224777336708883,0.8284175232791311,-0.005939789608242818,False
overall_classifier,2025Q4,macro_f1,0.789422084623323,0.8073671497584541,-0.017945065135131166,False
respiratory,2024Q1,rmse,10.287691519398381,10.256758358446033,0.0030158808340137178,False
respiratory,2024Q2,rmse,9.938555266824675,10.374564762991323,-0.04202677472523986,False
respiratory,2024Q3,rmse,9.719807816534226,9.966178091087237,-0.02472063736983987,False
respiratory,2024Q4,rmse,10.737304758214934,9.932027397274384,0.08107885014106397,False
respiratory,2025Q1,rmse,10.326244914059876,10.256758358446033,0.006774709239067089,False
respiratory,2025Q2,rmse,9.73224677499198,10.374564762991323,-0.0619127647928569,False
respiratory,2025Q3,rmse,10.557703572439785,9.966178091087237,0.059353292299838545,False
respiratory,2025Q4,rmse,9.659649347947804,9.932027397274384,-0.02742421445608656,False
vector,2024Q1,rmse,5.940634477513827,5.791003569885344,0.025838510686921445,False
vector,2024Q2,rmse,6.135200894218041,6.520002529983534,-0.05901863289100051,False
vector,2024Q3,rmse,3.7358115809166836,3.9288821560092813,-0.04914135049769652,False
vector,2024Q4,rmse,3.620204170421827,3.339627484782419,0.08401436594886813,False
vector,2025Q1,rmse,6.287546177773154,5.791003569885344,0.08574379240067387,False
vector,2025Q2,rmse,5.8619958828173315,6.520002529983534,-0.10092122574189621,False
vector,2025Q3,rmse,3.64159752597794,3.9288821560092813,-0.07312121326722298,False
vector,2025Q4,rmse,2.817547233074901,3.339627484782419,-0.15632888820279078,False
waterborne,2024Q1,rmse,4.333313706707104,4.410302163125069,-0.017456503788260136,False
waterborne,2024Q2,rmse,4.266268046542393,4.334135208891527,-0.015658755225241627,False
waterborne,2024Q3,rmse,3.8755158638481557,3.7562893958651946,0.03174049052615646,False
waterborne,2024Q4,rmse,3.6651565137813216,3.7320917754359826,-0.017935052426957476,False
waterborne,2025Q1,rmse,3.922600803140792,4.410302163125069,-0.1105823007008434,False
waterborne,2025Q2,rmse,4.36817962998201,4.334135208891527,0.007854951322386228,False
waterborne,2025Q3,rmse,3.515556370959372,3.7562893958651946,-0.06408798671657567,False
waterborne,2025Q4,rmse,3.511311381938839,3.7320917754359826,-0.059157278754580545,False
heat,2024Q1,rmse,5.402665543352221,5.055137336527265,0.06874753022312508,False
heat,2024Q2,rmse,5.421860716438526,4.846893068686416,0.11862602281587686,False
heat,2024Q3,rmse,1.2118767102892891,1.746771314026123,-0.30621902217065744,False
heat,2024Q4,rmse,1.6373702913991353,1.4757180151874514,0.1095414398604806,False
heat,2025Q1,rmse,5.266934694629995,5.055137336527265,0.04189744887291802,False
heat,2025Q2,rmse,4.9471114671333485,4.846893068686416,0.020676832978717474,False
heat,2025Q3,rmse,1.3883754542721183,1.746771314026123,-0.20517617668447974,False
heat,2025Q4,rmse,0.1816513878741634,1.4757180151874514,-0.8769064374055979,False
