feature,psi,ks_stat,ks_pvalue,train_mean,test_mean,drifted
gdp_per_capita_usd,0.257354,0.12106,0.0,25667.86959,28469.685532,True
pm25_ugm3_roll_max_12w,0.063195,0.063947,0.0,107.506593,104.715489,False
week,0.05281,0.086388,0.0,26.566265,24.265957,False
month,0.050989,0.08039,0.0,6.513253,6.053191,False
precipitation_mm_roll_sum_12w,0.033703,0.067608,0.0,962.5008,1006.804766,False
pm25_ugm3_roll_sum_12w,0.031848,0.036299,0.012511,781.940588,775.316681,False
pm25_ugm3_roll_max_8w,0.031668,0.047704,0.000315,102.222419,99.718085,False
waterborne_disease_incidents_roll_mean_12w,0.024836,0.02848,0.087661,22.205961,22.210972,False
waterborne_disease_incidents_roll_max_12w,0.024068,0.047887,0.000295,31.646352,31.546766,False
precipitation_mm_roll_max_8w,0.023422,0.05249,5e-05,125.2264,127.250723,False
precipitation_mm_roll_mean_8w,0.018743,0.05086,9.5e-05,81.036966,83.770229,False
precipitation_mm_roll_mean_4w,0.015154,0.040233,0.003935,80.893687,83.320362,False
week_sin,0.015103,0.047757,0.000309,0.00029,0.05178,False
pm25_ugm3_roll_max_4w,0.014366,0.035105,0.017364,92.080443,89.91583,False
heat_related_admissions_lag2w,0.01295,0.05408,2.6e-05,6.766879,7.677915,False
waterborne_disease_incidents_roll_max_8w,0.012442,0.036154,0.013028,30.196665,30.090213,False
pm25_ugm3_roll_mean_4w,0.012339,0.030131,0.060435,65.917213,64.708128,False
precipitation_mm_roll_max_4w,0.011951,0.038831,0.006023,112.048472,113.517064,False
heat_related_admissions_lag1w,0.011822,0.052373,5.2e-05,6.755692,7.670979,False
heat_wave_days_roll_max_4w,0.009102,0.020085,0.416694,0.412723,0.415745,False
temperature_celsius_lag8w,0.008346,0.032317,0.036205,8.567233,9.40554,False
temperature_celsius_lag4w,0.007573,0.030525,0.05544,8.513938,9.312953,False
heat_wave_days_roll_mean_8w,0.007151,0.036245,0.012702,0.148602,0.16,False
waterborne_disease_incidents_roll_mean_4w,0.007073,0.023635,0.23113,22.195607,22.236574,False
waterborne_disease_incidents_roll_max_4w,0.006739,0.026601,0.130468,27.769725,27.758809,False
waterborne_disease_incidents_roll_sum_8w,0.006647,0.023213,0.249314,176.467084,177.745872,False
rain_x_temp,0.006506,0.036388,0.012206,843.101673,926.269706,False
precipitation_mm_lag2w,0.006366,0.037233,0.009636,80.893971,83.52366,False
temperature_celsius,0.005478,0.025575,0.160265,8.497566,9.092583,False
heat_wave_days,0.004304,0.015434,0.745295,0.148337,0.16,False
temp_x_pm25,0.003881,0.021958,0.309464,681.791167,709.463305,False
pm25_ugm3_lag8w,0.003791,0.01757,0.590887,65.862137,64.551277,False
waterborne_disease_incidents_lag8w,0.002887,0.012361,0.928731,22.203167,22.184638,False
pm25_ugm3_lag4w,0.002316,0.018889,0.4963,65.904476,64.564,False
healthcare_access_index,0.002286,0.009272,0.996081,64.871971,64.930298,False
waterborne_disease_incidents_lag2w,0.002226,0.015582,0.734964,22.194783,22.256,False
heat_wave_days_roll_mean_4w,0.002207,0.020085,0.416694,0.148369,0.16,False
pm25_ugm3_lag2w,0.002096,0.019373,0.462955,65.929623,64.705787,False
pm25_x_aqi,0.002092,0.016413,0.674017,8700.174371,8414.816255,False
waterborne_disease_incidents_lag1w,0.002021,0.011966,0.943569,22.194333,22.219489,False
pm25_ugm3_lag1w,0.002019,0.019062,0.483489,65.930689,64.75634,False
waterborne_disease_incidents_lag4w,0.00197,0.01471,0.796436,22.199699,22.224979,False
pm25_ugm3,0.001832,0.017689,0.580233,65.902766,64.774638,False
food_security_index,0.000913,0.015595,0.73376,93.293841,93.351021,False
climate_zone_temperate,0.0,0.0,1.0,0.4,0.4,False
income_level_Lower-Middle,0.0,0.0,1.0,0.36,0.36,False
climate_zone_tropical,0.0,0.0,1.0,0.36,0.36,False
latitude,0.0,0.0,1.0,18.9052,18.9052,False
longitude,0.0,0.0,1.0,27.3496,27.3496,False
region_Europe,0.0,0.0,1.0,0.2,0.2,False
region_Southeast Asia,0.0,0.0,1.0,0.16,0.16,False
